variable_name,readable_name,definition,description,type,units,allowed_values,value_labels,missing_values,source_or_origin,derivation_or_transformation,validation_rules,notes,review_status
"survey_respondent_id","Respondent ID","Survey export respondent identifier","Administrative SurveyMonkey-style export field dropped before analysis.","integer","","","one unique integer per response","blank if no response row","Survey_Responses.xlsx / Sheet / Respondent ID","Dropped by Hickam Analysis.do before modeling.","integer","Not interpreted as a study subject identifier; do not add identifiable respondent data.","verified"
"survey_collector_id","Collector ID","Survey export collector identifier","Administrative export field dropped before analysis.","integer","","","","blank if no response row","Survey_Responses.xlsx / Sheet / Collector ID","Dropped by Hickam Analysis.do before modeling.","integer","Single collector ID in current workbook.","verified"
"survey_start_date","Start Date","Survey response start timestamp","Administrative timestamp dropped before analysis.","datetime","","","","blank if no response row","Survey_Responses.xlsx / Sheet / Start Date","Dropped by Hickam Analysis.do before modeling.","datetime","Use only for audit of survey administration, not respondent identification.","verified"
"survey_end_date","End Date","Survey response end timestamp","Administrative timestamp dropped before analysis.","datetime","","","","blank if no response row","Survey_Responses.xlsx / Sheet / End Date","Dropped by Hickam Analysis.do before modeling.","datetime","Use only for audit of survey administration, not respondent identification.","verified"
"answer","Survey vignette answer","Respondent-selected vignette judged least likely or most surprising","Original header: Consent: This is an anonymous research survey about diagnosis. No identifying information about you is being collected. Your participation is completely voluntary. You may contact Scott Aberegg, MD, MPH at scott.aberegg@hsc.utah.edu or the University of Utah IRB for questions or concerns about this survey. If you continue and answer the questions below, you are consenting to being an anonymous participant in this survey research.Instructions: Each case thumbnail below describes a patient admitted with pneumococcal pneumonia (in plain text), and one or more additional diagnoses (in bold text). Please read the thumbnails and identify which case you think has a combination of diagnoses that seems unlikely or that would cause you to be surprised if you encountered such a case.","integer","","1-4","1 = Vignette 1 | 2 = Vignette 2 | 3 = Vignette 3 | 4 = Vignette 4","blank or nonresponse","Survey_Responses.xlsx / Sheet / long consent and vignette question column","Renamed to answer after Stata import; first imported metadata row is dropped; destringed.","must be one of 1, 2, 3, 4 after cleaning","Full vignette text is in the article appendix rather than reproduced here.","verified"
"pgy_cat","Training category","Years since medical school graduation or equivalent","Respondent training/experience category.","integer","","1-9","1 = Layperson/Allied Health | 2 = Medical Student | 3 = PA/DNP | 4 = PGY1 | 5 = PGY2-3 | 6 = PGY4-5 | 7 = PGY6-10 | 8 = PGY 11-20 | 9 = PGY 21+","blank or nonresponse","Survey_Responses.xlsx / Sheet / How many years has it been (PGY level) since you graduated from medical school or the equivalent (e.g., DO, MBBS)?","Renamed from Stata-imported HowmanyyearshasitbeenPGY; first imported metadata row is dropped; destringed.","must be one of 1 through 9 after cleaning","","verified"
"specialty","Specialty category","Respondent area of specialization","Clinical specialty grouping used in descriptive tables and models.","integer","","1-4","1 = Gen IM/Hosp./Family | 2 = IM subspecialty | 3 = Emergency | 4 = Other","blank or nonresponse","Survey_Responses.xlsx / Sheet / What best describes your area of specialization?","Renamed from Stata-imported Whatbestdescribesyourareaof; first imported metadata row is dropped; destringed.","must be one of 1, 2, 3, 4 after cleaning","","verified"
"answer_correct","Intended response indicator","Binary indicator for selecting vignette 4","Used as the main dichotomized survey outcome.","integer","","0-1","0 = Vignettes 1, 2, or 3 | 1 = Vignette 4","","Derived in Hickam Analysis.do","recode answer (1 = 0) (2 = 0) (3 = 0) (4 = 1)","must be 0 or 1 when answer is nonmissing","Variable label in do-file is Intended Response.","verified"
"trainee_status_cat","Trainee status grouping","Collapsed training category","Used for trend testing across medical student, early trainee, and later trainee categories.","integer","","0-2","0 = Pre | 1 = PGY 0-5 | 2 = PGY 6+","missing for layperson/allied health and PA/DNP categories","Derived in Hickam Analysis.do from pgy_cat","pgy_cat 2 -> 0; pgy_cat 4,5,6 -> 1; pgy_cat 7,8,9 -> 2; pgy_cat 1 and 3 -> missing","must be 0, 1, 2, or missing","The label Pre corresponds to medical students in the current recode.","verified"
"model_pr","Model predicted probability","Predicted probability of answer_correct from adjusted logistic model","Used for calibration plot and bootstrap C statistic.","numeric","","0-1","","","Derived in Hickam Analysis.do","predict model_pr, pr after logistic answer_correct ib1.specialty ib5.pgy_cat","numeric probability between 0 and 1","Created in memory; not saved as a workbook column.","verified"
"manual_case_answer","Manual case-review category count","Manually simulated case category for illustrative pie chart","The do-file creates 84 observations and assigns category counts 22, 24, 35, and 3.","integer","","1-4","1 = Incidentaloma | 2 = Pre-existing | 3 = Causally-Related | 4 = Coincident/Unrelated/Symptomatic","","Derived in Hickam Analysis.do","set obs 84; replace answer = 1 in 1/22; 2 in 23/46; 3 in 47/81; 4 in 82/84","must be one of 1, 2, 3, 4","Used for Cases Pie.png, not the main survey analysis.","verified"
"nejm_2015_2018_link","NEJM 2015-2018 Link","Source article link","Link to NEJM case source.","text","","","","blank possible","NEJM Cases.xlsx / 2015-2018 / Link","","URL or citation text","Workbook field documented from header; not imported by current do-file.","needs_review"
"nejm_2015_2018_date","NEJM 2015-2018 Date","Case publication date","Date for the NEJM case source.","date","","","","blank possible","NEJM Cases.xlsx / 2015-2018 / Date","","date or text date","Workbook mixes date and text values.","needs_review"
"nejm_2015_2018_type","NEJM 2015-2018 Type","Case type code","Type classification for NEJM cases.","integer","","observed integer codes","","blank possible","NEJM Cases.xlsx / 2015-2018 / Type","","integer","Value labels not stored in workbook header for this sheet.","needs_review"
"nejm_2015_2018_diagnosis","NEJM 2015-2018 Diagnosis","Final diagnosis text","Reviewer-tabulated diagnosis from the teaching case.","text","","","","blank possible","NEJM Cases.xlsx / 2015-2018 / Diagnosis","","free text","Interpret with the paper methods.","needs_review"
"nejm_2015_2018_hickam","NEJM 2015-2018 Hickam flag","Hickam-related classification field","Sparse/empty field in current workbook.","text","","","","blank common","NEJM Cases.xlsx / 2015-2018 / Hickam?","","free text or blank","Column is empty in current workbook inspection.","needs_review"
"nejm_2015_2018_comments_primary","NEJM 2015-2018 Comments","Reviewer comments","First Comments column in the sheet.","text","","","","blank common","NEJM Cases.xlsx / 2015-2018 / Comments","","free text","The sheet contains duplicated Comments headers; this is the first occurrence.","needs_review"
"nejm_2015_2018_bl_review_performed","NEJM 2015-2018 BL Review Performed","Reviewer audit marker","Marks rows reviewed by B.W.L. or related audit status.","text","","","","blank common","NEJM Cases.xlsx / 2015-2018 / BL Review Performed","","free text","Observed values are sparse.","needs_review"
"nejm_2015_2018_comments_secondary","NEJM 2015-2018 Secondary comments","Reviewer comments","Second Comments column in the sheet.","text","","","","blank common","NEJM Cases.xlsx / 2015-2018 / Comments","","free text","The sheet contains duplicated Comments headers; this is the second occurrence.","needs_review"
"nejm_2015_2018_unnamed_column_9","NEJM 2015-2018 unnamed column 9","Unnamed workbook column","Sparse unnamed column retained in source workbook.","text","","","","blank common","NEJM Cases.xlsx / 2015-2018 / unnamed_column_9","","free text or blank","Only one nonempty cell observed during workbook inspection.","needs_review"
"nejm_2021_2023_link","NEJM 2021-2023 Link","Source article link","Link to NEJM case source.","text","","","","","NEJM Cases.xlsx / 2021-2023 / Link","","URL or citation text","","needs_review"
"nejm_2021_2023_date","NEJM 2021-2023 date","Case publication date","Date for the NEJM case source.","date","","","","","NEJM Cases.xlsx / 2021-2023 / date","","date","","needs_review"
"nejm_2021_2023_type","NEJM 2021-2023 type","Case type code","Case type: exclude, Case Records of MGH, or Clinical Problem-Solving.","integer","","0-2","0 = exclude | 1 = CRMGH | 2 = CPS","blank possible","NEJM Cases.xlsx / 2021-2023 / type (0 exclude, 1 CRMGH, 2 CPS)","","must be one of 0, 1, 2","Labels are documented in the workbook header.","verified"
"nejm_2021_2023_diagnosis","NEJM 2021-2023 diagnosis","Final diagnosis text","Reviewer-tabulated diagnosis from the teaching case.","text","","","","blank possible","NEJM Cases.xlsx / 2021-2023 / diagnosis","","free text","Interpret with the paper methods.","needs_review"
"nejm_2021_2023_hickam","NEJM 2021-2023 Hickam flag","Hickam-related classification field","Sparse/empty field in current workbook.","text","","","","blank common","NEJM Cases.xlsx / 2021-2023 / Hickam?","","free text or blank","Column is empty in current workbook inspection.","needs_review"
"nejm_2021_2023_comments_primary","NEJM 2021-2023 Comments","Reviewer comments","First Comments column in the sheet.","text","","","","blank common","NEJM Cases.xlsx / 2021-2023 / Comments","","free text","The sheet contains duplicated Comments headers; this is the first occurrence.","needs_review"
"nejm_2021_2023_brian_reviewed","NEJM 2021-2023 Brian Reviewed","Reviewer audit marker","Marks rows reviewed by B.W.L. or related audit status.","text","","","","blank common","NEJM Cases.xlsx / 2021-2023 / Brian Reviewed","","free text","Observed values are sparse.","needs_review"
"nejm_2021_2023_comments_secondary","NEJM 2021-2023 Secondary comments","Reviewer comments","Second Comments column in the sheet.","text","","","","blank common","NEJM Cases.xlsx / 2021-2023 / Comments","","free text","The sheet contains duplicated Comments headers; this is the second occurrence.","needs_review"
"published_all_article_link","All-reviewed article link","Published case report link","Source article link for a reviewed case report.","text","","","","blank possible","Published Case Reviews.xlsx / All-reviewed / Article link","","URL or citation text","","verified"
"published_all_author","All-reviewed author","Article author field","Author text from the reviewed case report.","text","","","","blank possible","Published Case Reviews.xlsx / All-reviewed / Author","","free text","","verified"
"published_all_year","All-reviewed year","Publication year","Publication year for the reviewed case report.","integer","year","","","blank possible","Published Case Reviews.xlsx / All-reviewed / Year","","integer year","","verified"
"published_all_diagnosis1","All-reviewed diagnosis 1","Incident disease causing symptoms","Primary/incident diagnosis text as coded by reviewers.","text","","","","blank possible","Published Case Reviews.xlsx / All-reviewed / diagnosis1 (Incident Dz) that caused Sx","","free text","Abbreviations Dz and Sx are preserved from workbook header.","needs_review"
"published_all_diagnosis2","All-reviewed diagnosis 2","Second or underlying/pre-existing diagnosis","Secondary diagnosis text as coded by reviewers.","text","","","","blank possible","Published Case Reviews.xlsx / All-reviewed / diagnosis2 (second Dz or underlying or pre-existing cause)","","free text","Abbreviation Dz is preserved from workbook header.","needs_review"
"published_all_fallacy_code","All-reviewed fallacy code","Reviewer classification code","Coding field for purported Hickam/Ockham case classification.","integer or text","","observed integer/text codes","","blank possible","Published Case Reviews.xlsx / All-reviewed / fallacy code","","integer or text","Confirm value labels against article appendices before secondary analysis.","needs_review"
"published_all_notes","All-reviewed notes","Reviewer notes","Free-text reviewer notes.","text","","","","blank possible","Published Case Reviews.xlsx / All-reviewed / notes","","free text","May contain interpretation notes rather than raw data.","needs_review"
"published_all_code","All-reviewed code","Codebook code value","Small embedded codebook/code field.","integer","","observed integer codes","","blank common","Published Case Reviews.xlsx / All-reviewed / code","","integer","Appears to hold code definitions in a few rows.","needs_review"
"published_all_code_definition","All-reviewed code definition","Codebook definition","Definition corresponding to the embedded code field.","text","","","","blank common","Published Case Reviews.xlsx / All-reviewed / code definition","","free text","Appears to hold code definitions in a few rows.","needs_review"
"published_included_article_link","Included-only article link","Published case report link","Source article link for included case report.","text","","","","blank possible","Published Case Reviews.xlsx / included-only / Article link","","URL or citation text","","verified"
"published_included_author","Included-only author","Article author field","Author text from included case report.","text","","","","blank possible","Published Case Reviews.xlsx / included-only / Author","","free text","","verified"
"published_included_year","Included-only year","Publication year","Publication year for included case report.","integer","year","","","blank possible","Published Case Reviews.xlsx / included-only / Year","","integer year","","verified"
"published_included_diagnosis1","Included-only diagnosis 1","Incident disease causing symptoms","Primary/incident diagnosis text as coded by reviewers.","text","","","","blank possible","Published Case Reviews.xlsx / included-only / diagnosis1 (Incident Dz) that caused Sx","","free text","Abbreviations Dz and Sx are preserved from workbook header.","needs_review"
"published_included_diagnosis2","Included-only diagnosis 2","Second or underlying/pre-existing diagnosis","Secondary diagnosis text as coded by reviewers.","text","","","","blank possible","Published Case Reviews.xlsx / included-only / diagnosis2 (second Dz or underlying or pre-existing cause)","","free text","Abbreviation Dz is preserved from workbook header.","needs_review"
"published_included_fiction_code","Included-only Fiction code","Reviewer classification code","Coding field for included case reports.","integer","","observed integer codes","","blank possible","Published Case Reviews.xlsx / included-only / Fiction code","","integer","Workbook header says Fiction code; confirm whether this should be Hickam/Ockham fallacy code before reuse.","needs_review"
"published_included_notes","Included-only notes","Reviewer notes","Free-text reviewer notes.","text","","","","blank possible","Published Case Reviews.xlsx / included-only / notes","","free text","May contain interpretation notes rather than raw data.","needs_review"
"published_included_code","Included-only code","Codebook code value","Small embedded codebook/code field.","integer","","observed integer codes","","blank common","Published Case Reviews.xlsx / included-only / code","","integer","Appears to hold code definitions in a few rows.","needs_review"
"published_included_code_definition","Included-only code definition","Codebook definition","Definition corresponding to the embedded code field.","text","","","","blank common","Published Case Reviews.xlsx / included-only / code definition","","free text","Appears to hold code definitions in a few rows.","needs_review"
"published_included_bp","Included-only BP","Reviewer field BP","Reviewer-coded BP field in included-only sheet.","text","","observed text codes","","blank possible","Published Case Reviews.xlsx / included-only / BP","","free text","Meaning not defined in workbook header.","needs_review"
"published_included_unnamed_column_11","Included-only unnamed column 11","Unnamed workbook column","Sparse unnamed column retained in source workbook.","text","","","","blank common","Published Case Reviews.xlsx / included-only / unnamed_column_11","","free text or blank","Only a few nonempty cells observed during workbook inspection.","needs_review"
"published_sheet3_title_search","Sheet3 Hickam title search","Search-result label","Small search-count summary row label; workbook header spelling preserved.","text","","","","blank possible","Published Case Reviews.xlsx / Sheet3 / ""Hicham's Dictum"" in Title, Pubmed","","free text","Header appears to contain a spelling variant from the source workbook.","needs_review"
"published_sheet3_number_of_articles","Sheet3 number of articles","Article count","Count associated with the small search summary table.","integer","articles","","","blank possible","Published Case Reviews.xlsx / Sheet3 / number of articles","","integer count","Interpret with the source workbook context.","needs_review"
